{
    "name": "filehandler",
    "version": "1.0.0",
    "author": "TIBCO Software Inc.",
    "type": "flogo:activity",
    "title": "File Handler",
     
    "display": {
       "category": "GraphBuilder_Tools",
       "visible": true,
       "smallIcon": "filehandler.png",
       "description": "This activity handle incoming file request"
    },
 
    "ref": "github.com/TIBCOSoftware/GraphBuilder_Tools/activity/filehandler",
    "settings": [
		{
            "name": "baseFolder",
            "type": "string",
            "required": true,
            "display":{
              "name": "Base Folder",
              "description": "Set folder for target files"
            }
		}
    ],
    "inputs": [
 		{
			"name": "uri",
			"type": "object"
		}
    ]
}