{
	"name": "flogo-xmlparser",
	"type": "flogo:activity",
	"ref": "github.com/TIBCOSoftware/GraphBuilder_Tools/activity/xmlparser",
	"version": "0.0.1",
	"title": "XML Parser",
	"display": {
    		"category": "GraphBuilder_Tools",
    		"visible": true,
    		"smallIcon": "xmlparser.png",
  		"description": "XML Parser Activity"
	},
	"settings": [
		{
        		"name": "DateFormat",
        		"type": "string",
        		"required": false,
        		"display":{
        			"name": "Date Format Sample",
        			"description": "Sample formate for parsing/formatting Date"
        		}
		},
		{
			"name": "ServeGraphData",
			"type": "boolean",
			"display": {
				"name": "Serve Graph Data",
				"description": "Serve Graph Data"
			},
			"value": false
		},
		{
			"name": "GraphModel",
			"type": "object",
			"display": {
				"name": "Graph Model",
				"description": "User Graph Model",
				"type": "connection"
			},
			"allowed": []
		},
		{
			"name": "OutputFieldnames",
			"type": "array",
			"required": false,
			"display": {
				"name": "Output Field Names",
				"description": "Map Attribute to XML path",
				"type": "table",
				"schema": "{\r\n    \"$schema\": \"http:\/\/json-schema.org\/draft-04\/schema#\",\r\n    \"definitions\": {},\r\n    \"id\": \"http:\/\/example.com\/example.json\",\r\n    \"items\": {\r\n        \"id\": \"\/items\",\r\n        \"properties\": {\r\n            \"AttributeName\": {\r\n                \"id\": \"\/items\/properties\/AttributeName\",\r\n                \"type\": \"string\"\r\n            },\r\n         \"XMLPath\": {\r\n                \"id\": \"\/items\/properties\/XMLPath\",\r\n                \"type\": \"string\"\r\n            },\r\n         \"Default\": {\r\n                \"id\": \"\/items\/properties\/Default\",\r\n                \"type\": \"string\"\r\n            },\r\n            \"Type\": {\r\n                \"id\": \"\/items\/properties\/Type\",\r\n                \"type\": {\"enum\":[\"String\", \"Integer\", \"Long\", \"Double\", \"Boolean\", \"Date\"]}\r\n            }\r\n,\r\n            \"Optional\": {\r\n                \"id\": \"\/items\/properties\/Optional\",\r\n                \"type\": {\"enum\":[\"yes\", \"no\"]}\r\n            }\r\n        },\r\n        \"type\": \"object\"\r\n    },\r\n    \"type\": \"array\"\r\n}"
			}
		},
		{
			"name": "PreviousConnector",
			"type": "string"
		}
	],
	"input":[
		{
			"name": "XMLString",
			"type": "string"
		}
	],
	"output": [
		{
			"name": "Data",
			"type": "complex_object"
		}
	]
}
