{
	"name": "flogo-mapping",
	"type": "flogo:activity",
	"ref": "github.com/TIBCOSoftware/GraphBuilder_Tools/activity/mapping",
	"version": "0.0.1",
	"title": "Mapping",
	"display": {
    		"category": "GraphBuilder_Tools",
    		"visible": true,
    		"smallIcon": "mapping.png",
  		"description": "Mapping field from input to output"
	},
	"settings": [
		{
			"name": "MappingFields",
			"type": "array",
			"required": true,
			"display": {
				"name": "Mapping Fields",
				"description": "Name and type of mapping fields",
				"type": "table",
				"schema": "{\r\n    \"$schema\": \"http:\/\/json-schema.org\/draft-04\/schema#\",\r\n    \"definitions\": {},\r\n    \"id\": \"http:\/\/example.com\/example.json\",\r\n    \"items\": {\r\n        \"id\": \"\/items\",\r\n        \"properties\": {\r\n            \"Name\": {\r\n                \"id\": \"\/items\/properties\/Name\",\r\n                \"type\": \"string\"\r\n            },\r\n            \"Type\": {\r\n                \"id\": \"\/items\/properties\/Type\",\r\n                \"type\": {\"enum\":[\"String\", \"Integer\", \"Long\", \"Double\", \"Boolean\", \"Date\"]}\r\n            }\r\n        },\r\n        \"type\": \"object\"\r\n    },\r\n    \"type\": \"array\"\r\n}"
			}
		}
	],
	"input":[
		{
			"name": "Mapping",
			"type": "complex_object"
		}
	],
	"output": [
		{
            "name": "Mapped",
            "type": "complex_object"
		}
	]
}
