{
	"name": "tibco-sse",
	"title": "Server-sent Events Connection",
	"author": "TIBCO Software Inc.",
	"type": "flogo:connector",
	"version": "1.0.0",
	"display": {
		"description": "This is Server-send Events connector",
		"category": "GraphBuilder_SSE",
		"visible": true,
		"smallIcon": "sse.png"
	},
	"ref": "github.com/TIBCOSoftware/GraphBuilder_SSE/connector/sse",
	"keyfield": "name",
	"settings": [
		{
			"name": "name",
			"type": "string",
			"required": true,
			"display": {
			"name": "Connection Name",
			"description": "Name of the connection"
			}
		},
		{
			"name": "description",
			"type": "string",
			"display": {
				"name": "Description",
				"description": "Connection description"
			}
		},
		{
			"name": "outbound",
			"type": "boolean",
			"display": {
				"name": "Outbound",
				"description": "false : for SSE Server trigger, true : for SSE Subscriber trigger"
			},
			"value": true,
			"required": true
		},
		{
			"name": "url",
			"type": "string",
			"required": false,
			"display": {
				"name": "Server URL",
				"description": "SSE server URL ex. http://[domain name/IP]",
				"type": "string"
			}
		},
		{
			"name": "resource",
			"type": "string",
			"required": false,
			"display": {
				"name": "Resource Name",
				"description": "Resource name for the event service",
				"type": "string"
			}
		},
		{
			"name": "accessToken",
			"type": "string",
			"required": false,
			"display": {
				"name": "Access Token",
				"description": "Access token for authentication",
				"type": "password"
			}
		},
		{
			"name": "port",
			"type": "string",
			"required": false,
			"display": {
				"name": "Server port",
				"description": "SSE server port",
				"type": "string"
			}
		},
		{
			"name": "path",
			"type": "string",
			"required": false,
			"display": {
				"name": "Path",
				"description": "Path of the resource which is requested",
				"type": "string"
			}
		},
		{
			"name": "tlsEnabled",
			"type": "boolean",
			"display": {
				"name": "TLS enabled",
				"description": "TLS enabled"
			},
			"value": false,
			"required": true
		},
		{
			"name": "uploadCRT",
			"type": "boolean",
			"display": {
				"name": "Upload TLS certificate",
				"description": "Upload TLS certificate from local file"
			},
			"value": true,
			"required": false
		},
		{ 
			"name": "tlsCRT",
			"type": "string", 
			"display": { 
				"name": "TLS certificate",
				"description": "TLS certificate", 
				"type": "fileselector", 
				"fileExtensions": [".pem",".crt"] 
			} 
		},
		{ 
			"name": "tlsKey",
			"type": "string", 
			"display": { 
				"name": "TLS key",
				"description": "TLS key", 
				"type": "fileselector", 
				"fileExtensions": [".pem",".key"] 
			} 
		},
		{
			"name": "tlsCRTPath",
			"type": "string",
			"display": {
				"name": "TLS certificate location",
				"description": "TLS certificate location",
				"type": "string"
			}
		},
		{
			"name": "tlsKeyPath",
			"type": "string",
			"display": {
				"name": "TLS key location",
				"description": "TLS key location",
				"type": "string"
			}
		}
	],
	"actions": [
		{
			"name": "Connect",
			"display": {
				"readonly": true
			}
		}
	]
}
