{
	"name": "flogo-textreplacer",
	"type": "flogo:activity",
	"ref": "github.com/TIBCOSoftware/GraphBuilder_Tools/activity/textreplacer",
	"version": "0.0.1",
	"title": "Text Replacer",
	"display": {
    		"category": "GraphBuilder_Tools",
    		"visible": true,
    		"smallIcon": "textreplacer.png",
  		"description": "Replace target text from input text"
	},
	"settings": [
		{
        		"name": "leftToken",
        		"type": "string",
        		"required": true,
        		"display":{
        			"name": "Left Token",
        			"description": "Left token around target replacement key"
        		}
		},
		{
        		"name": "rightToken",
        		"type": "string",
        		"required": true,
        		"display":{
        			"name": "Right Token",
        			"description": "Right token around target replacement key"
        		}
		},
		{
			"name": "replacementKeys",
			"type": "array",
			"required": true,
			"display": {
				"name": "Replacement Keys",
				"description": "Name and type of mapping fields",
				"type": "table",
				"schema": "{\r\n    \"$schema\": \"http:\/\/json-schema.org\/draft-04\/schema#\",\r\n    \"definitions\": {},\r\n    \"id\": \"http:\/\/example.com\/example.json\",\r\n    \"items\": {\r\n        \"id\": \"\/items\",\r\n        \"properties\": {\r\n            \"Name\": {\r\n                \"id\": \"\/items\/properties\/Name\",\r\n                \"type\": \"string\"\r\n            },\r\n            \"Type\": {\r\n                \"id\": \"\/items\/properties\/Type\",\r\n                \"type\": {\"enum\":[\"String\"]}\r\n            }\r\n        },\r\n        \"type\": \"object\"\r\n    },\r\n    \"type\": \"array\"\r\n}"
			}
		}
	],
	"input":[
		{
			"name": "inputDocument",
			"type": "string"
		},
		{
			"name": "replacements",
			"type": "complex_object"
		}
	],
	"output": [
		{
            "name": "outputDocument",
            "type": "string"
		}
	]
}
